"customer_id","purchase_date","product_category","purchase_amount","payment_method","shipping_address","loyalty_member","return_policy_days","customer_rating","promo_code_used"
"1","11/25/2021","electronics","182.17","debit card","1st Floor","1","8","5",""
"2","8/15/2020","electronics","97.74","debit card","PO Box 14406","1","16","4","1"
"3","12/24/2021","beauty","498.83","credit card","PO Box 95438","1","14","2",""
"4","2/5/2021","clothing","463.51","cash","Room 1322","1","26","1","1"
"5","11/19/2020","home goods","489.16","mobile payment","17th Floor","","14","2","1"
"6","9/17/2019","beauty","50.82","mobile payment","20th Floor","","24","3",""
"7","3/30/2021","sports equipment","181.12","debit card","Suite 68","1","15","4",""
"8","8/18/2020","beauty","450.8","cash","2nd Floor","","9","3",""
"9","11/6/2019","clothing","194.91","cash","Suite 79","1","21","1","1"
"10","4/12/2019","electronics","162.01","mobile payment","PO Box 52811","","17","1","1"
"11","10/29/2021","clothing","32.02","credit card","Apt 1412","1","23","5",""
"12","8/19/2019","electronics","179.12","debit card","PO Box 81607","1","28","3","1"
"13","3/29/2020","clothing","53.0","debit card","Apt 1350","","11","1",""
"14","11/25/2021","sports equipment","222.15","credit card","Room 58","","30","4",""
"15","8/30/2020","electronics","28.56","debit card","PO Box 51021","","23","4",""
"16","4/23/2019","sports equipment","226.3","debit card","Suite 90","","19","2",""
"17","12/10/2019","clothing","214.94","debit card","2nd Floor","1","15","3","1"
"18","11/30/2021","clothing","363.31","cash","PO Box 83699","1","15","5","1"
"19","6/3/2019","home goods","238.19","debit card","Apt 1585","1","25","1","1"
"20","2/3/2019","beauty","303.84","debit card","PO Box 30366","1","28","4",""
"21","7/1/2019","clothing","273.18","cash","PO Box 66776","1","25","4","1"
"22","12/7/2020","electronics","31.6","debit card","Suite 14","1","23","3",""
"23","4/28/2021","sports equipment","34.19","credit card","Suite 83","","30","4","1"
"24","8/6/2020","electronics","110.72","debit card","6th Floor","1","10","5",""
"25","4/17/2020","beauty","457.94","credit card","PO Box 53154","","15","3",""
"26","8/5/2020","beauty","161.86","debit card","PO Box 30885","1","15","1",""
"27","6/3/2019","electronics","284.47","credit card","PO Box 89511","","14","4",""
"28","1/10/2020","home goods","498.43","debit card","PO Box 27176","1","19","5",""
"29","7/7/2019","home goods","441.53","cash","Apt 325","","20","5","1"
"30","2/17/2019","sports equipment","256.44","mobile payment","13th Floor","","14","4","1"
"31","8/20/2020","beauty","419.71","mobile payment","PO Box 17778","1","30","3",""
"32","7/1/2019","clothing","128.25","credit card","10th Floor","1","16","1","1"
"33","4/8/2021","electronics","365.52","mobile payment","Apt 681","1","23","3",""
"34","10/27/2020","home goods","375.88","credit card","Room 386","","10","2","1"
"35","4/2/2019","clothing","113.15","cash","Suite 43","","17","1","1"
"36","6/5/2020","beauty","425.91","mobile payment","PO Box 38107","","13","1",""
"37","5/11/2020","home goods","381.28","mobile payment","Room 1116","1","13","5",""
"38","7/14/2021","electronics","363.16","debit card","Apt 1289","","21","4","1"
"39","3/24/2019","beauty","416.67","credit card","Room 1344","","29","5",""
"40","12/22/2020","sports equipment","458.84","cash","PO Box 56334","1","22","4","1"
"41","4/10/2019","electronics","227.54","debit card","PO Box 4850","1","23","5",""
"42","4/4/2020","electronics","332.89","credit card","PO Box 85629","1","14","5","1"
"43","4/14/2019","beauty","43.51","debit card","Suite 60","1","26","4","1"
"44","7/20/2020","home goods","34.05","credit card","Apt 1677","1","18","2",""
"45","12/4/2020","electronics","377.84","cash","Room 1022","1","30","3","1"
"46","2/9/2020","sports equipment","479.37","debit card","PO Box 10520","1","20","2",""
"47","8/23/2020","electronics","380.27","mobile payment","Room 1280","","18","5",""
"48","1/15/2019","sports equipment","221.57","mobile payment","Apt 948","1","12","5",""
"49","12/10/2019","sports equipment","52.55","debit card","Apt 1887","1","18","1",""
"50","8/13/2020","electronics","46.34","credit card","Apt 517","","26","1","1"
"51","5/8/2020","sports equipment","39.81","mobile payment","PO Box 35937","","9","2","1"
"52","1/25/2021","home goods","463.17","credit card","3rd Floor","","14","5",""
"53","8/29/2019","clothing","101.0","cash","Suite 58","","23","1","1"
"54","10/27/2021","sports equipment","275.3","debit card","2nd Floor","","18","1","1"
"55","2/15/2020","home goods","242.87","cash","Apt 1293","","22","2",""
"56","4/24/2019","beauty","69.38","credit card","17th Floor","1","13","5",""
"57","12/11/2019","beauty","148.76","debit card","Apt 963","1","28","4","1"
"58","8/14/2021","home goods","447.07","cash","Suite 27","","25","2",""
"59","1/31/2019","clothing","199.97","debit card","PO Box 10212","","14","2","1"
"60","10/15/2021","home goods","337.97","credit card","Suite 61","1","27","2",""
"61","6/10/2020","electronics","116.66","cash","Apt 313","1","8","2","1"
"62","5/14/2021","sports equipment","320.23","debit card","Room 565","","25","4",""
"63","2/23/2021","beauty","452.26","mobile payment","PO Box 97414","","28","3",""
"64","1/30/2020","sports equipment","187.9","debit card","Suite 41","1","11","1",""
"65","7/11/2020","electronics","198.19","cash","Apt 1297","1","14","1",""
"66","2/9/2021","home goods","27.53","credit card","Apt 1888","","23","1",""
"67","5/23/2021","beauty","138.73","cash","PO Box 10643","1","26","5",""
"68","12/6/2019","sports equipment","420.39","debit card","Suite 31","","16","1","1"
"69","10/25/2020","home goods","199.09","debit card","PO Box 95617","1","27","2",""
"70","9/20/2020","electronics","452.43","mobile payment","Apt 326","1","15","1",""
"71","8/1/2020","beauty","57.3","cash","PO Box 68959","","20","1",""
"72","11/26/2020","clothing","174.45","mobile payment","Suite 14","","13","5","1"
"73","9/9/2020","home goods","108.22","debit card","7th Floor","","18","2","1"
"74","1/30/2020","electronics","234.61","cash","PO Box 427","1","22","5",""
"75","3/15/2020","electronics","437.5","mobile payment","Suite 5","1","22","4",""
"76","7/16/2019","home goods","152.68","credit card","15th Floor","1","18","3",""
"77","7/15/2019","home goods","481.32","cash","PO Box 16463","1","14","3","1"
"78","5/20/2020","home goods","243.54","cash","5th Floor","1","17","2","1"
"79","1/27/2019","electronics","459.54","cash","Suite 48","","14","5","1"
"80","5/9/2019","sports equipment","84.1","cash","15th Floor","1","9","1",""
"81","11/10/2019","electronics","470.58","mobile payment","1st Floor","","8","1",""
"82","10/7/2020","home goods","18.19","credit card","Suite 90","1","11","4","1"
"83","5/9/2019","beauty","419.99","credit card","PO Box 15899","1","15","4","1"
"84","7/6/2021","home goods","271.44","credit card","Room 942","1","29","2",""
"85","2/25/2020","clothing","453.79","cash","Room 189","","23","5",""
"86","8/13/2019","electronics","450.48","debit card","Suite 75","","20","1","1"
"87","7/18/2019","home goods","189.05","mobile payment","PO Box 55640","","26","4",""
"88","1/17/2021","home goods","408.8","mobile payment","Room 832","1","22","2",""
"89","3/24/2021","clothing","34.35","debit card","PO Box 98872","1","23","3",""
"90","1/13/2020","electronics","93.79","cash","Suite 18","","13","1",""
"91","1/24/2019","beauty","97.44","cash","17th Floor","","19","5",""
"92","12/14/2021","clothing","350.3","cash","Suite 71","1","28","5","1"
"93","8/19/2019","home goods","150.64","credit card","Apt 1200","","8","1",""
"94","10/6/2020","beauty","288.34","debit card","Apt 1397","","23","3",""
"95","12/5/2019","home goods","478.99","credit card","Suite 100","","9","3","1"
"96","1/1/2019","sports equipment","348.11","credit card","PO Box 85171","","12","3","1"
"97","6/25/2019","beauty","170.94","mobile payment","9th Floor","","14","5",""
"98","5/4/2020","sports equipment","146.41","debit card","Apt 881","1","14","4","1"
"99","7/17/2019","beauty","404.78","debit card","Suite 34","","20","2",""
"100","5/31/2021","beauty","306.22","debit card","Room 337","1","15","4","1"
"101","2/15/2019","clothing","475.61","debit card","PO Box 29777","1","17","3","1"
"102","10/5/2020","home goods","494.61","cash","Suite 86","","10","5","1"
"103","7/7/2019","electronics","12.85","mobile payment","Room 1152","","26","5","1"
"104","3/18/2020","electronics","61.5","mobile payment","PO Box 70687","","10","1","1"
"105","1/10/2019","home goods","345.75","cash","Room 750","","12","5",""
"106","4/9/2020","home goods","303.98","debit card","Apt 312","1","22","1","1"
"107","12/6/2020","home goods","229.29","cash","Room 270","1","27","3","1"
"108","1/3/2021","beauty","185.21","cash","1st Floor","1","14","5","1"
"109","12/26/2019","beauty","53.06","debit card","Suite 83","","9","1","1"
"110","8/5/2020","home goods","497.43","cash","Room 1839","1","19","5",""
"111","6/30/2020","home goods","353.03","mobile payment","6th Floor","","28","3","1"
"112","6/19/2021","electronics","211.72","cash","PO Box 93034","","19","1","1"
"113","5/18/2021","clothing","278.06","mobile payment","Apt 1929","","15","1","1"
"114","7/30/2021","sports equipment","344.2","mobile payment","Room 1683","1","21","1","1"
"115","9/12/2021","beauty","35.19","cash","Room 1367","1","15","5","1"
"116","12/17/2021","beauty","199.78","cash","Room 843","1","10","5","1"
"117","2/12/2020","clothing","47.85","debit card","2nd Floor","1","12","5","1"
"118","4/16/2020","sports equipment","185.71","cash","Room 974","","7","5","1"
"119","9/4/2021","clothing","15.02","cash","PO Box 30574","1","16","1",""
"120","9/15/2019","electronics","363.96","debit card","15th Floor","1","7","4",""
"121","11/30/2021","sports equipment","162.99","credit card","11th Floor","1","24","2","1"
"122","9/30/2021","beauty","131.69","credit card","Apt 545","1","29","1",""
"123","8/13/2021","beauty","98.24","debit card","16th Floor","","16","2",""
"124","6/24/2021","beauty","331.54","mobile payment","PO Box 54696","1","21","5",""
"125","11/23/2021","electronics","344.61","cash","Suite 33","1","22","5",""
"126","7/27/2019","home goods","450.78","mobile payment","Apt 503","1","29","2",""
"127","5/25/2020","clothing","91.64","cash","PO Box 94350","1","28","2",""
"128","1/10/2019","electronics","61.09","mobile payment","Room 717","","7","1",""
"129","11/28/2020","sports equipment","78.68","debit card","Apt 828","","12","4",""
"130","7/5/2021","home goods","364.23","mobile payment","Suite 98","","30","3",""
"131","11/18/2019","sports equipment","67.04","debit card","Apt 1790","","27","4","1"
"132","2/24/2020","sports equipment","474.89","mobile payment","Suite 34","","23","5",""
"133","11/24/2021","beauty","407.08","cash","Room 1537","1","20","4","1"
"134","12/1/2020","sports equipment","433.66","mobile payment","Room 1105","1","21","3","1"
"135","5/6/2021","sports equipment","110.92","debit card","Apt 9","1","24","4","1"
"136","11/14/2020","beauty","493.7","credit card","9th Floor","1","18","2","1"
"137","12/11/2021","home goods","217.87","cash","Apt 1253","1","29","2","1"
"138","1/24/2019","clothing","399.53","credit card","Room 549","","16","4","1"
"139","3/13/2021","beauty","193.45","cash","Apt 1691","1","24","2","1"
"140","4/15/2021","electronics","481.01","mobile payment","Suite 9","","21","5","1"
"141","12/27/2020","electronics","286.73","credit card","Room 1232","","16","5","1"
"142","1/21/2019","clothing","322.63","credit card","Apt 1755","1","20","4",""
"143","1/9/2020","beauty","436.71","credit card","Room 1067","1","12","5","1"
"144","3/28/2021","electronics","40.92","credit card","6th Floor","1","14","5",""
"145","6/3/2021","sports equipment","286.28","debit card","Suite 8","","13","5","1"
"146","3/7/2020","home goods","173.81","credit card","Apt 109","","17","3",""
"147","10/30/2021","clothing","250.51","debit card","Room 567","1","11","2","1"
"148","5/9/2021","clothing","375.72","credit card","PO Box 19101","1","21","4",""
"149","2/18/2021","sports equipment","431.31","cash","Room 136","","7","3","1"
"150","11/1/2020","beauty","19.53","mobile payment","Suite 40","1","13","4","1"
"151","7/20/2019","sports equipment","143.95","cash","Apt 1624","1","9","4",""
"152","11/15/2021","sports equipment","318.9","debit card","PO Box 15167","","21","1","1"
"153","8/3/2020","sports equipment","178.2","credit card","Suite 62","1","28","4","1"
"154","7/4/2020","sports equipment","26.76","debit card","Apt 550","","22","2",""
"155","1/2/2019","clothing","75.42","debit card","Suite 39","1","30","2",""
"156","1/27/2021","sports equipment","452.73","mobile payment","Apt 1092","1","18","3","1"
"157","10/28/2019","home goods","184.09","debit card","Room 741","1","17","3",""
"158","6/18/2021","sports equipment","396.96","debit card","PO Box 51564","","18","3","1"
"159","8/24/2020","electronics","346.63","mobile payment","Apt 632","1","17","5",""
"160","3/14/2019","clothing","122.48","cash","Room 1335","","8","4",""
"161","1/6/2020","beauty","294.44","cash","Room 416","","29","1","1"
"162","9/12/2020","sports equipment","151.34","cash","PO Box 60527","","30","5","1"
"163","4/25/2021","home goods","359.41","mobile payment","PO Box 14044","1","19","4","1"
"164","9/16/2019","home goods","117.92","debit card","Apt 1724","1","15","2","1"
"165","4/19/2021","beauty","119.89","credit card","1st Floor","","12","2",""
"166","3/23/2019","clothing","119.19","debit card","Room 1348","1","13","5","1"
"167","11/2/2019","electronics","239.97","debit card","Apt 736","1","16","2","1"
"168","12/7/2021","electronics","173.12","cash","PO Box 87813","","9","4","1"
"169","9/27/2019","home goods","28.03","mobile payment","4th Floor","","13","4",""
"170","1/11/2020","sports equipment","146.93","credit card","Apt 267","1","9","5","1"
"171","1/23/2020","electronics","365.24","debit card","19th Floor","1","23","2","1"
"172","11/15/2020","sports equipment","86.25","debit card","Suite 97","1","7","1","1"
"173","6/19/2020","beauty","311.7","debit card","PO Box 22588","1","26","1","1"
"174","12/30/2020","clothing","244.25","mobile payment","Room 334","","7","4","1"
"175","4/22/2020","home goods","116.16","debit card","8th Floor","1","7","3",""
"176","10/3/2019","clothing","341.16","credit card","17th Floor","1","14","4",""
"177","2/27/2019","home goods","219.1","credit card","Suite 27","","28","5","1"
"178","11/18/2019","sports equipment","136.93","mobile payment","Suite 63","1","17","3","1"
"179","3/17/2020","clothing","95.42","debit card","Suite 67","","20","2",""
"180","7/6/2020","home goods","444.34","cash","Apt 695","1","30","1",""
"181","12/2/2020","sports equipment","344.91","mobile payment","Apt 608","1","19","5",""
"182","3/29/2020","sports equipment","491.64","cash","PO Box 61609","1","22","1",""
"183","12/12/2019","home goods","357.04","mobile payment","Suite 14","1","19","3",""
"184","5/20/2019","clothing","448.2","cash","Room 1060","1","7","5",""
"185","2/23/2021","home goods","355.63","cash","Room 714","","24","1","1"
"186","6/1/2019","clothing","469.86","cash","Room 1501","1","14","2","1"
"187","1/25/2020","beauty","419.51","debit card","Room 133","","11","1","1"
"188","12/16/2021","clothing","231.11","mobile payment","PO Box 73617","1","17","5",""
"189","8/26/2019","clothing","226.16","mobile payment","Apt 1572","1","22","2","1"
"190","6/13/2020","clothing","107.64","cash","Room 1189","","15","2","1"
"191","5/29/2021","sports equipment","91.36","mobile payment","Apt 1073","1","10","3",""
"192","2/10/2020","beauty","114.05","cash","7th Floor","","23","3","1"
"193","9/1/2019","clothing","133.96","credit card","15th Floor","","26","2",""
"194","9/18/2019","beauty","496.41","cash","PO Box 24111","","30","5",""
"195","12/26/2020","electronics","379.79","cash","11th Floor","1","20","5",""
"196","12/6/2021","clothing","217.79","cash","8th Floor","","26","5",""
"197","3/9/2020","clothing","462.69","credit card","PO Box 63675","","26","3","1"
"198","2/10/2021","home goods","215.84","credit card","13th Floor","1","21","2","1"
"199","4/4/2021","sports equipment","134.8","mobile payment","Suite 72","1","15","2",""
"200","9/9/2020","beauty","203.38","credit card","Room 1736","","29","1",""
"201","10/7/2019","home goods","446.33","cash","PO Box 72860","1","15","4",""
"202","3/14/2021","clothing","122.28","cash","Suite 79","1","27","3",""
"203","2/12/2021","sports equipment","121.92","cash","Apt 339","","29","5",""
"204","12/19/2020","clothing","19.05","mobile payment","4th Floor","1","25","1","1"
"205","12/4/2019","home goods","173.55","mobile payment","Room 1441","1","8","5",""
"206","5/10/2020","sports equipment","114.97","credit card","PO Box 32725","","29","3","1"
"207","5/13/2020","sports equipment","285.08","credit card","Room 1503","","25","2",""
"208","6/19/2020","clothing","233.97","mobile payment","Apt 1400","1","28","4","1"
"209","3/14/2020","home goods","17.41","mobile payment","12th Floor","1","16","5",""
"210","12/15/2019","sports equipment","204.55","credit card","Room 747","1","13","1",""
"211","3/4/2020","home goods","92.19","debit card","3rd Floor","1","19","1",""
"212","10/2/2019","beauty","103.78","cash","19th Floor","","10","2",""
"213","3/13/2021","electronics","79.49","cash","18th Floor","1","9","2",""
"214","9/18/2020","sports equipment","46.52","mobile payment","3rd Floor","1","17","1","1"
"215","11/29/2019","electronics","486.58","cash","6th Floor","1","18","3","1"
"216","10/22/2020","home goods","158.75","cash","13th Floor","","7","2","1"
"217","1/2/2019","clothing","101.26","debit card","Room 1062","","20","5","1"
"218","4/23/2020","electronics","59.61","debit card","Apt 488","1","18","1",""
"219","11/28/2019","home goods","280.05","credit card","Apt 636","1","13","1",""
"220","10/16/2019","clothing","450.32","debit card","Room 1989","1","10","2",""
"221","5/16/2021","beauty","414.59","credit card","Room 174","","16","2","1"
"222","3/27/2021","beauty","280.88","credit card","Apt 758","","20","3",""
"223","12/23/2021","sports equipment","329.52","mobile payment","Room 155","","24","2","1"
"224","4/29/2019","sports equipment","352.99","mobile payment","PO Box 74847","1","7","1","1"
"225","10/22/2020","electronics","369.21","cash","8th Floor","1","17","2",""
"226","8/20/2019","beauty","102.24","credit card","Suite 41","","13","1",""
"227","6/5/2019","clothing","299.11","debit card","Apt 1312","","13","3","1"
"228","8/13/2020","clothing","186.54","cash","PO Box 83234","1","10","2",""
"229","8/10/2019","home goods","231.23","mobile payment","PO Box 93319","1","9","3","1"
"230","6/21/2020","home goods","49.95","mobile payment","Apt 1415","1","23","3","1"
"231","10/18/2019","beauty","19.97","credit card","Room 1363","","30","2","1"
"232","5/30/2019","clothing","285.07","debit card","15th Floor","","14","2","1"
"233","12/28/2021","beauty","104.75","mobile payment","15th Floor","1","14","3",""
"234","10/7/2021","home goods","75.67","credit card","PO Box 39400","1","30","2",""
"235","8/19/2020","beauty","475.85","credit card","PO Box 91089","1","19","5","1"
"236","4/19/2021","beauty","33.03","cash","PO Box 16015","","7","1",""
"237","4/25/2020","clothing","483.97","cash","16th Floor","","21","3","1"
"238","8/17/2021","sports equipment","378.3","debit card","Suite 62","1","25","3",""
"239","8/28/2020","beauty","194.28","cash","PO Box 76193","1","19","5","1"
"240","11/1/2019","sports equipment","289.41","mobile payment","Suite 80","1","22","4",""
"241","8/25/2019","beauty","211.46","debit card","Suite 38","","13","3","1"
"242","1/12/2020","sports equipment","182.89","cash","Room 1980","1","25","3",""
"243","10/4/2020","clothing","296.54","debit card","Apt 1357","1","19","1","1"
"244","8/30/2020","beauty","315.23","debit card","12th Floor","1","10","1",""
"245","12/7/2019","electronics","106.4","credit card","Apt 992","1","15","2",""
"246","1/30/2020","clothing","223.17","debit card","Apt 382","","11","4",""
"247","2/25/2019","beauty","344.3","credit card","Apt 308","1","29","5","1"
"248","4/23/2019","home goods","451.1","cash","Apt 1568","1","8","5","1"
"249","8/30/2020","home goods","354.99","credit card","9th Floor","","24","2",""
"250","1/13/2021","home goods","52.01","cash","Room 1244","","28","2","1"
"251","1/9/2021","home goods","377.71","debit card","Apt 411","","20","5","1"
"252","7/12/2019","clothing","93.06","debit card","Apt 1969","1","7","1","1"
"253","4/17/2021","clothing","194.56","mobile payment","20th Floor","1","16","2","1"
"254","4/24/2020","home goods","229.22","credit card","Room 629","1","11","2",""
"255","8/15/2021","beauty","167.14","credit card","1st Floor","1","12","2",""
"256","1/30/2019","home goods","293.13","credit card","Suite 47","","13","2",""
"257","7/24/2021","sports equipment","143.9","mobile payment","Apt 984","","21","4","1"
"258","4/10/2019","electronics","305.11","cash","Suite 31","","27","4","1"
"259","5/7/2019","electronics","332.59","debit card","Apt 1829","","16","4","1"
"260","2/23/2020","home goods","268.89","cash","Room 97","1","11","2","1"
"261","11/25/2020","beauty","353.62","mobile payment","Room 512","","12","5",""
"262","2/11/2019","home goods","398.29","cash","Room 1248","","15","5",""
"263","7/13/2019","home goods","29.03","mobile payment","Room 1868","1","27","2",""
"264","1/6/2021","beauty","275.17","mobile payment","2nd Floor","","17","2",""
"265","5/28/2019","beauty","37.45","mobile payment","2nd Floor","","24","3","1"
"266","8/29/2020","sports equipment","168.8","credit card","PO Box 13302","1","11","5",""
"267","1/12/2021","home goods","190.61","debit card","Suite 21","","25","2",""
"268","2/7/2020","clothing","17.04","debit card","PO Box 14983","","22","3",""
"269","3/5/2020","beauty","461.44","debit card","Apt 5","1","30","1","1"
"270","2/1/2020","clothing","106.9","cash","14th Floor","1","9","4","1"
"271","1/31/2021","beauty","214.02","debit card","Suite 82","1","15","1","1"
"272","11/12/2019","beauty","155.28","mobile payment","Room 214","1","10","2","1"
"273","9/27/2019","electronics","187.92","credit card","Room 1191","1","20","2","1"
"274","3/29/2020","sports equipment","102.03","credit card","PO Box 7429","","30","2",""
"275","12/2/2020","beauty","141.21","credit card","PO Box 34102","","9","3",""
"276","8/11/2019","clothing","347.64","mobile payment","1st Floor","","30","5",""
"277","9/2/2021","clothing","156.05","cash","Apt 1322","1","11","5",""
"278","11/11/2020","sports equipment","133.76","mobile payment","6th Floor","","21","2","1"
"279","6/18/2021","clothing","73.12","cash","Apt 1980","","9","5",""
"280","5/19/2020","clothing","241.38","debit card","6th Floor","1","17","1",""
"281","1/2/2021","sports equipment","241.66","mobile payment","Apt 10","1","30","2",""
"282","10/12/2021","beauty","485.32","debit card","Room 1924","","26","5",""
"283","3/23/2020","beauty","294.43","credit card","PO Box 56470","1","16","5","1"
"284","3/15/2021","home goods","399.79","debit card","Suite 49","","8","2",""
"285","4/3/2021","electronics","73.86","credit card","16th Floor","1","26","2",""
"286","9/15/2019","clothing","106.02","cash","Room 1111","1","7","4","1"
"287","9/2/2020","electronics","479.24","credit card","Apt 33","1","13","4","1"
"288","8/17/2019","sports equipment","446.2","mobile payment","PO Box 44255","","11","4","1"
"289","2/14/2019","electronics","229.91","mobile payment","Room 1904","1","16","5",""
"290","6/13/2019","clothing","11.32","cash","Suite 91","","12","3",""
"291","9/28/2021","clothing","459.07","credit card","Room 1557","","26","4","1"
"292","3/12/2020","clothing","13.97","cash","2nd Floor","1","22","5",""
"293","4/21/2019","beauty","79.26","mobile payment","4th Floor","1","14","1",""
"294","4/12/2019","sports equipment","74.79","credit card","Suite 85","","30","4","1"
"295","2/25/2019","sports equipment","122.79","credit card","Apt 10","","21","4",""
"296","5/30/2019","electronics","186.44","mobile payment","Suite 84","1","23","3",""
"297","12/14/2019","beauty","340.27","debit card","Apt 1806","","26","2",""
"298","7/13/2021","clothing","490.39","credit card","PO Box 68225","1","8","3",""
"299","5/21/2020","sports equipment","105.33","credit card","Suite 89","","8","2","1"
"300","1/30/2019","beauty","101.09","mobile payment","Room 758","","16","2","1"
"301","2/1/2021","sports equipment","51.21","cash","14th Floor","","11","5",""
"302","2/18/2019","sports equipment","100.96","mobile payment","15th Floor","","27","1",""
"303","3/31/2019","home goods","394.31","mobile payment","6th Floor","","22","1","1"
"304","10/17/2021","electronics","447.16","debit card","Room 192","1","16","3",""
"305","9/14/2020","sports equipment","26.55","cash","PO Box 15561","1","28","2",""
"306","2/3/2019","electronics","359.15","mobile payment","5th Floor","1","18","2","1"
"307","8/17/2019","electronics","54.55","mobile payment","Suite 85","","27","3","1"
"308","3/27/2019","beauty","281.28","cash","Apt 1137","","27","1",""
"309","3/4/2021","clothing","125.05","cash","Apt 870","","29","5",""
"310","6/11/2021","beauty","101.34","debit card","PO Box 2557","","17","2",""
"311","9/5/2019","electronics","78.32","credit card","PO Box 83186","","17","1",""
"312","8/1/2020","sports equipment","380.81","debit card","PO Box 44870","","13","5","1"
"313","10/3/2020","electronics","334.89","mobile payment","Apt 1676","","16","1","1"
"314","11/18/2021","beauty","458.91","cash","Apt 1964","","7","4",""
"315","12/10/2020","clothing","71.8","credit card","Room 351","1","11","5","1"
"316","4/13/2020","sports equipment","228.84","debit card","PO Box 61830","","16","2",""
"317","4/5/2019","clothing","99.16","mobile payment","PO Box 64839","","20","4",""
"318","11/4/2020","beauty","277.37","mobile payment","Suite 57","","24","5","1"
"319","12/2/2021","clothing","498.52","credit card","Apt 658","","20","1","1"
"320","7/15/2020","clothing","480.39","debit card","PO Box 92828","","24","4",""
"321","8/27/2020","home goods","327.3","credit card","20th Floor","","29","3","1"
"322","1/6/2020","home goods","119.59","debit card","Room 766","","21","5",""
"323","1/25/2020","clothing","187.71","mobile payment","Room 1490","","23","1",""
"324","12/9/2019","home goods","389.06","cash","PO Box 4665","","12","5","1"
"325","9/26/2019","electronics","167.09","cash","PO Box 66365","","20","3","1"
"326","12/18/2020","electronics","447.79","credit card","Room 1816","","9","3","1"
"327","8/8/2020","home goods","217.75","debit card","PO Box 36202","1","23","2",""
"328","11/30/2020","electronics","446.66","cash","Room 1743","","28","1","1"
"329","2/7/2019","clothing","214.66","cash","Apt 328","1","9","3","1"
"330","10/10/2019","clothing","175.42","mobile payment","PO Box 22476","","28","1","1"
"331","8/25/2019","sports equipment","215.18","cash","Apt 1203","1","23","2",""
"332","7/25/2020","electronics","438.23","cash","Apt 184","1","28","1",""
"333","7/26/2020","home goods","390.18","credit card","Suite 60","","16","2","1"
"334","4/20/2020","home goods","290.17","credit card","Suite 8","","13","3","1"
"335","7/14/2021","electronics","279.82","mobile payment","Room 1608","","19","5",""
"336","5/1/2021","electronics","87.28","debit card","PO Box 98323","","26","3",""
"337","9/24/2020","electronics","430.16","credit card","7th Floor","1","30","2",""
"338","8/18/2019","sports equipment","399.57","debit card","Suite 65","1","27","1",""
"339","1/18/2019","electronics","115.69","mobile payment","Apt 877","1","11","4","1"
"340","11/17/2019","electronics","237.01","mobile payment","PO Box 65485","1","8","2","1"
"341","2/27/2021","electronics","456.22","debit card","PO Box 76480","","9","5",""
"342","12/26/2021","home goods","124.76","cash","10th Floor","","12","1",""
"343","8/15/2019","home goods","449.73","debit card","PO Box 32005","","7","2","1"
"344","11/19/2020","clothing","205.45","mobile payment","15th Floor","1","14","2",""
"345","2/17/2021","home goods","499.33","debit card","Suite 1","1","29","3",""
"346","6/11/2020","clothing","27.73","mobile payment","Suite 27","1","15","5",""
"347","6/29/2020","sports equipment","407.63","mobile payment","Suite 62","1","9","3","1"
"348","9/21/2020","clothing","431.56","cash","14th Floor","1","28","1",""
"349","8/14/2021","beauty","484.63","credit card","Suite 35","","27","5","1"
"350","4/26/2019","home goods","174.64","debit card","Apt 1754","","13","3","1"
"351","4/26/2020","beauty","473.99","debit card","Apt 1560","","25","3",""
"352","7/10/2021","clothing","208.17","credit card","Room 576","1","12","3",""
"353","1/18/2019","beauty","125.32","cash","PO Box 37495","1","22","5","1"
"354","2/3/2021","electronics","262.78","mobile payment","Suite 44","","19","1",""
"355","10/23/2020","home goods","416.2","mobile payment","Suite 67","","17","1","1"
"356","4/30/2020","clothing","142.26","mobile payment","Room 1382","","15","5",""
"357","5/19/2019","sports equipment","65.85","debit card","Room 821","1","23","5",""
"358","9/26/2019","sports equipment","412.1","cash","20th Floor","1","26","4","1"
"359","12/14/2020","beauty","402.9","debit card","17th Floor","","14","2","1"
"360","4/2/2020","clothing","491.06","mobile payment","Suite 44","1","29","4","1"
"361","12/10/2021","clothing","157.45","mobile payment","Room 89","1","28","3",""
"362","3/23/2021","clothing","172.08","mobile payment","Suite 89","","7","5","1"
"363","12/30/2021","sports equipment","442.12","cash","4th Floor","","28","4",""
"364","8/28/2021","electronics","195.09","mobile payment","Room 915","1","29","4","1"
"365","12/2/2019","home goods","306.36","mobile payment","Room 1851","","9","5",""
"366","1/28/2020","beauty","118.11","credit card","Suite 6","1","8","1","1"
"367","9/12/2021","sports equipment","488.06","credit card","PO Box 84917","","28","1",""
"368","5/14/2019","home goods","187.61","credit card","Apt 782","","13","3","1"
"369","4/2/2021","sports equipment","335.16","debit card","PO Box 43799","","11","5","1"
"370","2/4/2021","home goods","466.06","cash","PO Box 81831","","26","2","1"
"371","7/23/2020","clothing","189.19","debit card","Apt 276","","15","4","1"
"372","4/23/2020","home goods","383.98","credit card","Room 1452","1","10","1","1"
"373","2/6/2021","electronics","32.31","debit card","Suite 73","","20","3","1"
"374","4/27/2019","beauty","227.53","mobile payment","Room 159","1","9","3","1"
"375","11/28/2019","electronics","453.9","credit card","Room 1834","","22","1",""
"376","12/1/2020","electronics","245.57","mobile payment","11th Floor","1","13","4","1"
"377","1/22/2019","beauty","435.69","debit card","3rd Floor","","8","4","1"
"378","9/20/2020","home goods","182.68","mobile payment","Apt 690","1","25","4","1"
"379","3/16/2020","sports equipment","247.7","cash","PO Box 91866","","21","5",""
"380","9/6/2021","sports equipment","458.8","credit card","PO Box 17578","","23","4","1"
"381","5/5/2020","clothing","461.12","credit card","Room 779","1","24","5",""
"382","12/21/2019","electronics","155.49","debit card","Apt 1654","1","10","4","1"
"383","12/30/2021","sports equipment","257.4","cash","Apt 976","","23","4","1"
"384","12/1/2021","electronics","362.27","debit card","Suite 43","1","28","3",""
"385","9/15/2019","electronics","112.08","cash","Apt 259","","25","4","1"
"386","4/10/2020","electronics","254.77","credit card","Apt 1155","","17","5","1"
"387","1/19/2020","clothing","263.53","mobile payment","PO Box 97041","","21","1",""
"388","6/28/2020","sports equipment","373.82","credit card","Suite 19","","18","3","1"
"389","12/14/2021","clothing","421.62","debit card","Room 1599","1","23","1","1"
"390","1/17/2019","clothing","444.72","debit card","Room 1466","","23","4",""
"391","3/4/2020","beauty","236.85","credit card","Room 1917","1","18","4","1"
"392","6/20/2019","electronics","377.17","debit card","Apt 119","","24","5","1"
"393","6/7/2021","home goods","118.04","debit card","PO Box 11077","1","23","1",""
"394","5/18/2021","sports equipment","492.01","cash","19th Floor","1","9","4","1"
"395","8/26/2020","electronics","417.4","debit card","Suite 66","1","28","2","1"
"396","12/4/2020","clothing","212.71","credit card","Room 1484","1","21","4",""
"397","6/5/2021","home goods","112.05","mobile payment","Room 377","1","8","1","1"
"398","2/27/2021","electronics","224.12","mobile payment","Apt 891","1","29","4",""
"399","10/22/2019","electronics","123.51","debit card","2nd Floor","1","13","3","1"
"400","3/19/2020","electronics","448.91","credit card","PO Box 52515","","24","2",""
"401","6/18/2019","home goods","269.1","debit card","Apt 111","","13","2","1"
"402","12/22/2021","beauty","392.68","credit card","12th Floor","","28","5","1"
"403","1/9/2021","electronics","474.01","mobile payment","3rd Floor","1","22","1","1"
"404","7/12/2020","clothing","479.16","mobile payment","Suite 8","1","19","1","1"
"405","8/2/2019","electronics","16.39","cash","Suite 55","","25","5",""
"406","1/12/2019","clothing","274.63","mobile payment","Apt 742","","9","2","1"
"407","5/17/2021","sports equipment","143.11","mobile payment","PO Box 99363","1","11","4","1"
"408","6/16/2020","clothing","421.05","debit card","Apt 1626","","11","4","1"
"409","3/9/2020","home goods","296.25","mobile payment","Suite 58","","24","5","1"
"410","7/24/2021","home goods","133.34","credit card","Apt 1957","","7","5","1"
"411","3/21/2019","clothing","311.28","mobile payment","Suite 13","1","27","1",""
"412","5/20/2019","sports equipment","321.96","mobile payment","Room 580","1","21","5",""
"413","11/7/2019","sports equipment","82.78","cash","Suite 60","1","26","1",""
"414","2/4/2019","home goods","453.39","debit card","18th Floor","","20","2","1"
"415","7/25/2019","home goods","414.64","mobile payment","Room 210","1","15","1",""
"416","7/27/2020","clothing","132.54","credit card","PO Box 26933","1","27","2","1"
"417","12/27/2019","home goods","478.59","debit card","7th Floor","","22","3","1"
"418","4/26/2020","beauty","213.66","mobile payment","Suite 76","1","29","5",""
"419","9/15/2019","clothing","323.66","credit card","PO Box 84839","","10","2",""
"420","6/30/2020","sports equipment","144.05","cash","Apt 295","1","21","5","1"
"421","4/24/2021","home goods","349.58","credit card","17th Floor","","28","5",""
"422","12/5/2019","home goods","425.67","debit card","PO Box 51356","1","21","5",""
"423","5/14/2019","sports equipment","18.91","mobile payment","Apt 1994","1","13","4",""
"424","8/27/2021","home goods","301.52","credit card","1st Floor","","23","2",""
"425","3/11/2019","sports equipment","432.46","credit card","9th Floor","1","26","3","1"
"426","7/26/2020","clothing","94.24","cash","PO Box 84324","1","14","3",""
"427","10/11/2020","electronics","452.41","cash","Room 601","1","8","4",""
"428","2/21/2021","clothing","219.11","debit card","Apt 352","1","20","4",""
"429","2/1/2021","electronics","278.97","mobile payment","Apt 1617","","18","1","1"
"430","7/16/2020","electronics","423.44","cash","Suite 4","","23","4","1"
"431","4/26/2021","beauty","172.69","mobile payment","Apt 1847","1","29","3","1"
"432","5/1/2021","home goods","232.14","debit card","9th Floor","","11","2","1"
"433","4/3/2021","home goods","10.65","credit card","Apt 1205","1","19","4","1"
"434","11/16/2020","beauty","449.7","credit card","Apt 100","1","17","1",""
"435","11/7/2019","home goods","449.11","cash","Room 236","","10","4",""
"436","1/3/2021","beauty","272.41","mobile payment","PO Box 90244","","23","1","1"
"437","2/22/2021","home goods","313.19","cash","Suite 18","1","15","1",""
"438","12/4/2020","sports equipment","364.49","debit card","Suite 55","1","20","5","1"
"439","7/21/2019","home goods","230.23","debit card","PO Box 60678","","21","5",""
"440","11/19/2021","electronics","424.21","cash","PO Box 45774","","14","1","1"
"441","9/10/2021","electronics","114.74","debit card","Suite 9","1","21","2",""
"442","1/28/2021","clothing","276.93","cash","9th Floor","1","15","1",""
"443","11/4/2019","electronics","124.75","debit card","Apt 1234","1","20","2","1"
"444","9/16/2020","electronics","175.37","cash","1st Floor","1","23","2","1"
"445","3/12/2020","sports equipment","132.93","credit card","20th Floor","","23","2","1"
"446","2/26/2021","home goods","367.92","debit card","15th Floor","","20","5",""
"447","11/15/2021","beauty","349.23","cash","Room 339","1","23","4","1"
"448","9/17/2020","clothing","400.14","cash","PO Box 99914","1","29","2",""
"449","2/6/2021","clothing","374.45","credit card","Suite 73","","25","3","1"
"450","12/12/2019","beauty","346.79","credit card","Apt 1410","1","27","5","1"
"451","2/9/2019","clothing","248.06","mobile payment","Suite 89","1","11","4","1"
"452","7/18/2019","electronics","424.96","mobile payment","Room 209","1","17","5","1"
"453","6/12/2021","home goods","121.01","mobile payment","17th Floor","","30","1",""
"454","12/20/2021","home goods","409.67","debit card","Room 1736","1","26","5",""
"455","3/6/2020","beauty","475.66","cash","Suite 15","","27","1",""
"456","4/1/2021","home goods","66.56","mobile payment","Room 453","1","16","1",""
"457","12/26/2019","clothing","424.93","cash","9th Floor","1","16","1",""
"458","9/1/2021","beauty","101.98","debit card","PO Box 93755","1","28","2",""
"459","1/17/2020","electronics","238.74","credit card","Room 993","1","19","5","1"
"460","3/13/2020","clothing","471.31","cash","6th Floor","","8","1","1"
"461","9/28/2019","clothing","244.98","debit card","11th Floor","","16","5",""
"462","3/2/2019","beauty","188.08","cash","14th Floor","","19","3",""
"463","9/28/2020","sports equipment","241.91","mobile payment","PO Box 29915","1","30","3","1"
"464","5/26/2020","clothing","155.37","cash","Apt 881","","25","1",""
"465","3/13/2021","home goods","91.86","mobile payment","Room 630","1","10","1",""
"466","12/26/2021","clothing","391.5","cash","PO Box 21618","1","29","2",""
"467","11/14/2019","beauty","277.47","cash","8th Floor","","10","2",""
"468","4/23/2021","beauty","449.87","credit card","Apt 1013","1","16","1","1"
"469","4/13/2019","clothing","440.69","cash","Apt 25","","22","3",""
"470","11/16/2020","clothing","29.25","credit card","Room 10","1","17","2","1"
"471","9/5/2021","sports equipment","180.3","debit card","Suite 91","","26","1",""
"472","3/1/2020","sports equipment","222.13","mobile payment","PO Box 64509","1","19","1",""
"473","9/1/2019","sports equipment","369.16","credit card","11th Floor","","7","3","1"
"474","8/4/2020","electronics","432.94","cash","Room 911","1","16","5",""
"475","2/5/2019","clothing","49.03","cash","10th Floor","","17","3",""
"476","8/11/2020","home goods","395.08","debit card","Room 984","1","29","4",""
"477","3/21/2020","home goods","425.14","mobile payment","2nd Floor","1","27","2","1"
"478","1/7/2019","electronics","235.35","credit card","Suite 9","1","13","1","1"
"479","10/23/2020","sports equipment","78.41","debit card","Suite 68","","26","5","1"
"480","12/29/2020","home goods","178.18","cash","Suite 89","1","30","1",""
"481","12/22/2019","home goods","397.56","mobile payment","Suite 30","1","7","3",""
"482","2/3/2019","home goods","99.49","credit card","Suite 37","1","9","5",""
"483","4/10/2021","beauty","351.91","credit card","Suite 46","1","18","2","1"
"484","1/4/2019","sports equipment","182.9","cash","Suite 80","","9","4","1"
"485","4/22/2021","home goods","446.18","mobile payment","Apt 104","1","16","3",""
"486","4/25/2021","sports equipment","109.15","credit card","5th Floor","","14","4",""
"487","6/20/2020","home goods","52.58","mobile payment","18th Floor","","15","4","1"
"488","6/28/2019","home goods","102.46","mobile payment","Apt 1807","1","22","2",""
"489","3/15/2021","sports equipment","405.18","debit card","10th Floor","1","9","2","1"
"490","10/2/2019","electronics","165.46","cash","PO Box 67690","1","9","5",""
"491","4/27/2021","electronics","482.54","mobile payment","PO Box 23963","","9","5",""
"492","9/22/2021","electronics","192.85","cash","Apt 1568","1","8","1","1"
"493","12/19/2020","beauty","61.82","credit card","PO Box 64817","","18","3","1"
"494","3/20/2021","sports equipment","454.21","debit card","Room 984","","10","4",""
"495","2/17/2021","home goods","401.03","credit card","PO Box 38685","","28","4",""
"496","11/2/2021","sports equipment","104.11","mobile payment","10th Floor","1","19","5",""
"497","6/6/2019","sports equipment","474.44","mobile payment","Apt 1610","","24","4","1"
"498","5/27/2020","clothing","50.62","debit card","Apt 1247","1","28","4","1"
"499","5/25/2021","sports equipment","423.88","cash","Apt 22","1","16","4",""
"500","7/19/2019","home goods","368.33","mobile payment","Room 546","","24","1","1"
"501","10/9/2019","electronics","117.2","mobile payment","Apt 402","","19","3","1"
"502","5/21/2019","beauty","247.42","mobile payment","Room 564","","17","1","1"
"503","12/27/2020","home goods","275.7","cash","Suite 34","","26","4","1"
"504","12/19/2020","sports equipment","342.08","credit card","PO Box 87994","","14","1",""
"505","2/4/2019","home goods","296.58","debit card","Suite 85","","30","1",""
"506","11/11/2021","home goods","188.33","cash","Suite 59","","10","3",""
"507","8/1/2019","home goods","355.03","debit card","Room 1847","","27","1",""
"508","9/27/2020","sports equipment","445.19","cash","PO Box 18877","","21","4","1"
"509","10/13/2020","sports equipment","186.66","credit card","Room 318","","24","4",""
"510","9/10/2020","sports equipment","194.77","debit card","Suite 12","1","26","2",""
"511","12/28/2020","clothing","390.53","cash","Room 1599","","23","4","1"
"512","5/22/2021","sports equipment","434.05","mobile payment","11th Floor","","22","1",""
"513","9/17/2019","clothing","462.48","mobile payment","Apt 937","","21","2",""
"514","8/19/2019","home goods","237.98","mobile payment","PO Box 60946","","13","5",""
"515","5/24/2020","home goods","69.02","mobile payment","Apt 404","1","17","3",""
"516","3/2/2020","sports equipment","92.58","debit card","Suite 28","1","26","3",""
"517","8/27/2020","home goods","42.62","mobile payment","7th Floor","","10","4","1"
"518","11/5/2019","home goods","470.63","mobile payment","Room 514","","19","2","1"
"519","7/28/2019","beauty","160.55","cash","PO Box 54263","","29","5","1"
"520","4/2/2021","home goods","417.13","mobile payment","Suite 53","","23","5","1"
"521","10/4/2019","clothing","496.28","debit card","PO Box 20792","1","11","4","1"
"522","1/11/2019","beauty","161.11","credit card","Suite 39","","9","3","1"
"523","1/19/2021","sports equipment","79.62","cash","PO Box 68860","1","26","1",""
"524","7/2/2020","electronics","479.98","debit card","16th Floor","1","22","5","1"
"525","2/29/2020","clothing","66.98","debit card","Room 1837","1","17","2",""
"526","4/5/2020","beauty","228.44","debit card","Room 1032","","27","3","1"
"527","9/14/2019","electronics","250.7","debit card","Room 74","","20","1",""
"528","5/4/2020","clothing","200.87","debit card","Apt 249","","21","4","1"
"529","5/5/2021","home goods","282.04","debit card","Suite 46","","28","5",""
"530","4/27/2019","clothing","260.2","mobile payment","Suite 8","1","21","3","1"
"531","12/9/2019","beauty","112.51","credit card","18th Floor","","22","1","1"
"532","8/3/2020","sports equipment","491.65","credit card","3rd Floor","","8","5",""
"533","11/22/2019","clothing","469.14","debit card","Apt 305","1","23","1",""
"534","4/28/2020","sports equipment","118.65","debit card","10th Floor","1","10","1","1"
"535","1/23/2019","sports equipment","167.07","debit card","Room 1001","1","16","5",""
"536","1/25/2020","clothing","244.49","mobile payment","Apt 616","1","23","4","1"
"537","12/6/2020","sports equipment","85.2","mobile payment","Suite 63","","14","5",""
"538","10/3/2021","electronics","113.84","credit card","Apt 430","1","13","2","1"
"539","2/8/2020","sports equipment","341.42","debit card","8th Floor","","22","1","1"
"540","11/14/2020","electronics","285.06","mobile payment","5th Floor","1","7","5","1"
"541","3/22/2019","home goods","181.67","mobile payment","14th Floor","","26","3","1"
"542","12/18/2021","electronics","369.9","mobile payment","Room 1657","1","10","2",""
"543","6/12/2020","electronics","128.99","debit card","Apt 448","1","9","5","1"
"544","11/26/2021","beauty","18.79","cash","Apt 47","1","22","1","1"
"545","9/13/2021","beauty","134.32","cash","Room 41","","10","3","1"
"546","1/1/2020","sports equipment","30.46","credit card","Apt 62","1","23","4",""
"547","4/17/2020","sports equipment","379.31","mobile payment","13th Floor","","28","4",""
"548","1/26/2019","electronics","285.99","cash","Suite 47","1","20","5","1"
"549","7/2/2020","sports equipment","199.66","cash","Room 1295","1","19","1","1"
"550","10/21/2021","beauty","200.05","credit card","PO Box 28322","","18","2","1"
"551","7/25/2021","electronics","262.15","debit card","PO Box 68596","","16","5","1"
"552","8/27/2019","sports equipment","55.31","mobile payment","15th Floor","","19","4",""
"553","4/23/2020","clothing","229.01","cash","PO Box 81030","1","30","4",""
"554","5/10/2020","electronics","203.75","cash","Room 1475","1","30","1",""
"555","7/5/2020","sports equipment","131.73","debit card","Room 1428","","14","4",""
"556","8/20/2019","clothing","228.84","debit card","PO Box 33047","1","30","3","1"
"557","1/25/2020","beauty","447.34","cash","PO Box 10122","","27","5",""
"558","6/9/2021","home goods","124.77","mobile payment","PO Box 49095","1","23","1",""
"559","9/10/2019","sports equipment","467.28","credit card","PO Box 37943","","25","1","1"
"560","7/2/2020","sports equipment","439.58","debit card","13th Floor","","20","4","1"
"561","9/17/2019","electronics","50.13","mobile payment","Suite 48","1","24","2","1"
"562","1/30/2021","home goods","20.71","cash","14th Floor","1","11","5","1"
"563","9/27/2020","clothing","288.06","debit card","7th Floor","","19","2","1"
"564","2/14/2019","beauty","430.38","cash","PO Box 11723","","15","5",""
"565","10/23/2020","electronics","51.66","mobile payment","Apt 1337","","27","1","1"
"566","5/16/2019","sports equipment","209.89","debit card","Room 489","","9","4","1"
"567","8/11/2021","beauty","125.92","debit card","Suite 29","","10","4","1"
"568","2/14/2020","beauty","296.64","credit card","Room 1115","1","24","4","1"
"569","8/3/2019","home goods","242.64","credit card","Suite 53","1","15","4",""
"570","10/29/2021","beauty","36.55","credit card","Suite 48","","13","2",""
"571","7/31/2019","beauty","148.01","mobile payment","Room 1320","1","28","4","1"
"572","2/6/2019","home goods","124.06","mobile payment","Room 38","","29","1",""
"573","11/11/2020","electronics","82.07","debit card","Apt 558","1","21","4",""
"574","12/7/2019","beauty","435.94","credit card","10th Floor","1","28","3",""
"575","8/26/2020","sports equipment","276.34","mobile payment","Apt 356","1","23","3",""
"576","5/31/2020","electronics","155.11","cash","Suite 42","","27","5","1"
"577","8/9/2019","beauty","305.63","mobile payment","PO Box 85574","","14","2","1"
"578","5/30/2019","home goods","333.37","debit card","Suite 79","","29","3","1"
"579","9/14/2019","clothing","394.97","mobile payment","Apt 1361","","13","3",""
"580","11/28/2020","clothing","276.17","cash","11th Floor","","24","1","1"
"581","4/19/2019","beauty","352.57","cash","15th Floor","","16","5","1"
"582","6/20/2021","sports equipment","108.61","cash","11th Floor","","18","4","1"
"583","10/4/2021","sports equipment","286.65","mobile payment","Apt 993","1","30","1","1"
"584","9/28/2021","sports equipment","355.78","debit card","Apt 1152","","17","2",""
"585","6/23/2021","sports equipment","105.56","credit card","19th Floor","1","7","5","1"
"586","9/17/2021","sports equipment","49.85","debit card","11th Floor","","26","3",""
"587","5/13/2021","home goods","309.96","credit card","13th Floor","","13","3",""
"588","5/22/2021","beauty","490.24","credit card","Suite 21","1","13","4",""
"589","11/14/2021","beauty","205.82","credit card","PO Box 50655","","7","2",""
"590","2/24/2020","sports equipment","22.26","credit card","Suite 72","1","13","3",""
"591","10/17/2021","electronics","162.43","cash","Suite 56","","25","5","1"
"592","9/10/2020","home goods","392.88","debit card","Apt 358","1","20","3","1"
"593","11/24/2021","electronics","457.99","credit card","Suite 22","","8","3",""
"594","7/31/2019","home goods","91.93","credit card","Room 103","","29","4",""
"595","4/30/2021","sports equipment","188.7","debit card","Room 546","1","22","2","1"
"596","11/22/2021","beauty","389.63","cash","Apt 594","","29","3","1"
"597","2/4/2019","electronics","47.3","mobile payment","13th Floor","1","17","2",""
"598","7/13/2019","home goods","395.48","cash","Suite 47","","8","1","1"
"599","1/9/2021","electronics","187.29","cash","Suite 41","","18","1","1"
"600","1/10/2020","sports equipment","219.57","debit card","Suite 23","","29","1",""
"601","7/18/2019","clothing","310.03","credit card","Apt 1660","","29","4","1"
"602","12/24/2019","sports equipment","446.77","credit card","Apt 2000","1","10","2",""
"603","9/3/2021","sports equipment","197.23","mobile payment","Suite 22","","28","2","1"
"604","3/5/2020","beauty","11.53","debit card","Room 591","1","9","4",""
"605","1/17/2021","beauty","380.71","credit card","PO Box 26736","1","14","3","1"
"606","5/20/2019","electronics","431.84","debit card","Suite 4","1","16","4","1"
"607","7/11/2019","sports equipment","25.25","mobile payment","Room 930","1","24","4","1"
"608","8/30/2019","beauty","282.85","cash","Room 26","","19","5","1"
"609","6/25/2019","home goods","237.38","debit card","PO Box 82752","1","10","5","1"
"610","6/3/2019","home goods","41.2","mobile payment","Apt 304","","11","4","1"
"611","3/16/2021","electronics","212.12","mobile payment","17th Floor","","22","4","1"
"612","5/4/2019","beauty","222.51","mobile payment","Room 19","1","25","2","1"
"613","11/2/2020","sports equipment","220.32","cash","Suite 46","","28","3",""
"614","1/4/2021","clothing","330.91","mobile payment","Apt 116","","28","4",""
"615","4/17/2019","sports equipment","252.0","mobile payment","Room 1337","1","14","2","1"
"616","3/27/2021","sports equipment","293.58","mobile payment","PO Box 26409","1","23","5",""
"617","3/2/2019","beauty","470.12","debit card","Apt 822","","17","5",""
"618","4/28/2020","beauty","24.76","cash","Room 1995","1","25","4","1"
"619","3/13/2021","sports equipment","404.58","credit card","Apt 1554","1","7","2",""
"620","7/7/2021","home goods","334.39","mobile payment","Apt 963","1","10","4",""
"621","9/21/2021","clothing","373.16","debit card","Suite 100","","17","3",""
"622","10/11/2020","home goods","414.22","cash","Room 1188","","16","4","1"
"623","9/23/2019","home goods","162.41","credit card","Room 16","","7","1",""
"624","11/21/2020","beauty","399.81","cash","Room 1055","","7","5","1"
"625","6/19/2019","sports equipment","193.45","credit card","Room 1427","1","11","1","1"
"626","5/20/2019","clothing","176.32","mobile payment","Suite 18","1","18","3",""
"627","5/18/2019","clothing","287.45","mobile payment","11th Floor","1","13","5",""
"628","10/15/2021","electronics","260.6","credit card","Suite 37","1","7","2",""
"629","10/25/2020","home goods","319.5","cash","12th Floor","1","27","5",""
"630","4/5/2021","electronics","297.34","cash","Apt 313","1","19","2","1"
"631","3/10/2019","electronics","46.45","mobile payment","PO Box 12664","1","14","3","1"
"632","9/6/2019","sports equipment","397.46","mobile payment","PO Box 14800","1","7","4",""
"633","4/22/2021","clothing","433.62","debit card","Apt 1670","1","17","3","1"
"634","10/10/2020","sports equipment","342.09","debit card","Suite 32","","28","5",""
"635","8/24/2019","sports equipment","243.79","cash","Apt 1668","1","17","2",""
"636","3/17/2019","sports equipment","462.26","credit card","Room 1053","1","12","1","1"
"637","11/30/2021","clothing","429.93","credit card","Room 396","","13","5","1"
"638","7/9/2019","sports equipment","188.35","credit card","Apt 521","","11","3","1"
"639","8/21/2021","sports equipment","226.87","cash","PO Box 44571","","23","4","1"
"640","7/28/2021","beauty","417.22","credit card","12th Floor","1","9","3",""
"641","4/12/2021","clothing","108.26","cash","Apt 465","","27","5",""
"642","8/8/2020","beauty","182.12","credit card","Apt 706","","9","2","1"
"643","2/19/2021","clothing","449.56","debit card","Apt 398","1","19","2",""
"644","4/6/2021","sports equipment","50.49","mobile payment","16th Floor","1","12","1","1"
"645","8/30/2020","beauty","59.7","cash","Apt 874","","24","4","1"
"646","4/7/2021","electronics","84.84","debit card","Suite 88","1","14","5","1"
"647","4/29/2019","sports equipment","97.0","credit card","16th Floor","","17","5",""
"648","9/20/2019","sports equipment","296.69","credit card","Room 1473","","18","5","1"
"649","10/18/2021","electronics","30.38","debit card","PO Box 77491","1","19","5",""
"650","5/15/2019","sports equipment","180.72","mobile payment","Room 1489","","22","2",""
"651","11/8/2021","sports equipment","391.79","debit card","Room 280","1","12","5","1"
"652","7/2/2019","clothing","482.7","mobile payment","Room 730","1","14","2",""
"653","10/27/2021","home goods","38.95","credit card","PO Box 45017","1","14","5",""
"654","8/11/2021","sports equipment","286.62","mobile payment","18th Floor","","17","2",""
"655","2/10/2020","clothing","461.15","cash","Apt 2000","","14","3",""
"656","6/12/2019","sports equipment","266.03","cash","13th Floor","","9","2",""
"657","5/30/2020","clothing","18.96","debit card","Room 362","1","27","5",""
"658","4/10/2020","beauty","362.08","debit card","Suite 73","","13","1","1"
"659","9/24/2021","clothing","457.87","credit card","9th Floor","","10","3",""
"660","9/19/2021","beauty","163.96","cash","Room 128","","25","4","1"
"661","7/2/2021","electronics","226.15","cash","Room 1392","","19","4","1"
"662","7/6/2020","clothing","31.07","mobile payment","Room 929","","20","2",""
"663","12/5/2021","home goods","228.56","cash","Apt 1336","","25","3",""
"664","12/15/2019","clothing","400.0","mobile payment","Room 825","1","10","2","1"
"665","12/26/2020","electronics","154.55","debit card","Apt 438","","19","2",""
"666","3/18/2021","beauty","280.91","credit card","Apt 1261","1","13","1","1"
"667","3/16/2021","clothing","60.95","mobile payment","PO Box 49911","","7","2","1"
"668","12/27/2019","sports equipment","400.39","mobile payment","Room 1852","1","16","2",""
"669","4/14/2021","home goods","44.73","cash","1st Floor","","29","1",""
"670","2/26/2021","clothing","54.97","cash","Apt 1035","1","14","3","1"
"671","5/14/2021","home goods","160.41","mobile payment","PO Box 5134","1","20","1",""
"672","12/13/2019","clothing","145.15","mobile payment","Apt 1373","1","11","5","1"
"673","6/2/2020","beauty","19.21","debit card","14th Floor","1","23","3",""
"674","3/9/2019","home goods","295.28","cash","Apt 1400","","18","3","1"
"675","11/18/2020","sports equipment","268.65","debit card","18th Floor","","11","5","1"
"676","6/24/2019","sports equipment","320.96","mobile payment","PO Box 49087","","9","4",""
"677","3/16/2020","clothing","177.54","credit card","PO Box 99950","1","12","4","1"
"678","9/2/2020","electronics","377.32","credit card","17th Floor","","28","4",""
"679","12/27/2021","home goods","114.15","mobile payment","Room 1452","1","19","2",""
"680","9/24/2021","sports equipment","62.13","credit card","PO Box 25055","1","30","5","1"
"681","9/14/2020","home goods","330.07","mobile payment","19th Floor","1","17","5",""
"682","4/9/2020","clothing","76.99","mobile payment","Apt 1678","1","10","4","1"
"683","8/4/2019","electronics","19.32","credit card","12th Floor","1","9","2","1"
"684","2/1/2019","electronics","323.51","credit card","Suite 86","","16","4","1"
"685","4/24/2019","clothing","236.71","cash","Room 1376","1","24","5",""
"686","8/11/2021","clothing","75.26","mobile payment","Room 1351","1","23","3","1"
"687","10/16/2020","clothing","126.61","cash","PO Box 71787","1","23","5",""
"688","1/28/2021","home goods","40.4","debit card","1st Floor","1","23","5","1"
"689","9/22/2020","beauty","102.23","debit card","17th Floor","1","23","5","1"
"690","9/23/2020","electronics","256.69","cash","Suite 20","","12","1",""
"691","8/2/2021","electronics","257.66","credit card","Room 355","","8","2",""
"692","5/21/2020","beauty","392.42","credit card","PO Box 83503","1","24","1",""
"693","8/16/2019","clothing","37.75","mobile payment","Room 239","","9","2",""
"694","5/26/2019","sports equipment","336.05","debit card","7th Floor","","29","1","1"
"695","10/21/2019","clothing","159.17","mobile payment","Apt 1611","1","21","2","1"
"696","9/13/2019","beauty","264.76","credit card","3rd Floor","","26","1","1"
"697","6/16/2019","electronics","27.2","debit card","PO Box 73793","","25","5","1"
"698","11/26/2021","home goods","288.08","credit card","Room 856","","9","4","1"
"699","4/21/2021","home goods","356.95","debit card","7th Floor","","22","2",""
"700","7/8/2020","electronics","300.49","debit card","PO Box 33751","1","19","3","1"
"701","9/28/2020","clothing","61.61","debit card","PO Box 26638","1","9","4","1"
"702","4/23/2020","home goods","125.89","cash","Apt 1494","1","24","5","1"
"703","3/3/2021","beauty","240.77","cash","PO Box 58107","1","14","5","1"
"704","6/18/2021","home goods","486.2","mobile payment","5th Floor","","16","1","1"
"705","8/8/2019","sports equipment","403.46","debit card","17th Floor","1","7","2","1"
"706","12/26/2021","beauty","10.88","debit card","Suite 70","","21","3",""
"707","5/4/2019","beauty","272.16","credit card","10th Floor","","21","1",""
"708","11/4/2019","electronics","141.15","cash","3rd Floor","1","7","4","1"
"709","6/6/2020","home goods","126.19","mobile payment","PO Box 47316","1","30","1","1"
"710","3/31/2019","clothing","107.77","cash","Suite 31","1","19","4","1"
"711","6/19/2021","clothing","382.92","cash","Room 1429","","24","5","1"
"712","5/3/2020","home goods","211.49","credit card","Suite 4","","23","3",""
"713","7/3/2021","clothing","498.63","debit card","Apt 1855","1","28","1",""
"714","11/19/2019","beauty","113.08","cash","Apt 831","","29","4",""
"715","9/5/2021","sports equipment","95.03","credit card","12th Floor","1","14","1",""
"716","10/2/2020","home goods","86.41","cash","Suite 78","1","25","2",""
"717","6/5/2019","home goods","23.81","cash","Suite 77","","30","4","1"
"718","1/16/2020","clothing","97.84","mobile payment","Suite 100","1","24","2","1"
"719","4/13/2019","clothing","133.23","mobile payment","PO Box 25600","","19","2","1"
"720","4/3/2019","electronics","88.24","credit card","Apt 1459","1","21","1","1"
"721","10/26/2020","clothing","398.06","mobile payment","9th Floor","","8","3","1"
"722","10/9/2021","clothing","460.12","debit card","PO Box 2696","1","17","1","1"
"723","9/9/2020","beauty","339.74","mobile payment","7th Floor","1","20","2","1"
"724","11/17/2021","clothing","456.75","credit card","PO Box 56622","1","24","2",""
"725","1/28/2021","beauty","430.91","credit card","Room 465","1","12","4",""
"726","10/13/2021","beauty","418.92","debit card","Suite 95","1","16","3","1"
"727","1/28/2021","sports equipment","55.48","cash","PO Box 85026","1","24","1",""
"728","5/13/2021","sports equipment","92.89","debit card","Room 1756","","28","4",""
"729","5/19/2021","clothing","222.86","mobile payment","PO Box 84326","","11","1","1"
"730","8/14/2019","home goods","159.43","credit card","PO Box 1554","1","19","5","1"
"731","3/1/2019","clothing","316.73","debit card","Suite 60","","25","1",""
"732","10/2/2020","beauty","280.27","debit card","PO Box 83532","1","10","2",""
"733","4/15/2020","clothing","400.93","cash","Apt 653","","7","2",""
"734","7/16/2019","sports equipment","76.55","cash","PO Box 96584","","22","1",""
"735","7/14/2019","sports equipment","365.4","cash","7th Floor","1","18","4",""
"736","5/5/2020","clothing","42.73","mobile payment","PO Box 87515","1","26","4","1"
"737","6/20/2020","electronics","89.44","credit card","Room 1004","1","9","5","1"
"738","10/28/2020","home goods","326.06","debit card","Room 1808","1","24","4","1"
"739","10/22/2019","electronics","210.98","mobile payment","Suite 87","","10","1",""
"740","12/19/2021","electronics","262.44","debit card","8th Floor","1","27","5","1"
"741","7/30/2019","beauty","165.18","debit card","PO Box 41884","","18","1","1"
"742","11/29/2020","clothing","244.93","credit card","18th Floor","","18","3","1"
"743","12/25/2021","beauty","104.78","debit card","Room 495","","12","5","1"
"744","7/31/2020","sports equipment","99.26","debit card","Apt 672","","8","5",""
"745","5/22/2019","sports equipment","231.5","debit card","16th Floor","","19","1","1"
"746","6/3/2021","clothing","189.74","cash","Suite 34","1","13","3",""
"747","3/23/2019","electronics","139.9","debit card","Apt 1241","1","17","5",""
"748","3/13/2019","home goods","343.68","cash","Suite 81","1","10","3",""
"749","7/14/2019","clothing","486.04","debit card","Apt 1667","","19","1",""
"750","6/26/2019","home goods","475.64","debit card","2nd Floor","1","16","3","1"
"751","1/21/2020","sports equipment","127.95","cash","Suite 50","","13","3",""
"752","10/29/2021","beauty","54.7","cash","Suite 69","1","17","4",""
"753","3/8/2020","home goods","449.06","credit card","Room 809","","17","1",""
"754","4/28/2020","home goods","309.43","mobile payment","6th Floor","","22","1","1"
"755","9/3/2021","home goods","272.31","cash","Suite 43","1","28","2","1"
"756","1/7/2021","beauty","428.28","credit card","Apt 1624","1","19","4",""
"757","1/15/2019","electronics","27.3","debit card","11th Floor","1","15","1","1"
"758","1/15/2019","home goods","482.28","debit card","Apt 604","1","29","3",""
"759","6/21/2020","sports equipment","40.97","credit card","Apt 1412","1","22","3",""
"760","11/6/2019","electronics","186.51","cash","16th Floor","","24","1",""
"761","12/26/2019","clothing","232.86","cash","2nd Floor","1","11","3",""
"762","11/7/2019","home goods","357.16","credit card","Apt 578","1","8","1","1"
"763","10/29/2021","sports equipment","119.87","cash","Suite 63","1","13","3","1"
"764","10/12/2021","home goods","187.45","credit card","Suite 85","","9","4","1"
"765","2/17/2021","clothing","397.18","credit card","Apt 1404","1","29","1","1"
"766","3/23/2021","home goods","480.92","debit card","PO Box 44342","","9","2",""
"767","7/17/2020","sports equipment","234.5","credit card","Apt 1034","1","7","4",""
"768","5/21/2020","sports equipment","434.14","credit card","PO Box 75294","1","9","2","1"
"769","9/15/2019","sports equipment","113.63","credit card","PO Box 55602","1","22","1",""
"770","4/1/2019","clothing","359.5","credit card","Apt 1958","","11","1","1"
"771","9/3/2021","electronics","326.15","mobile payment","5th Floor","","9","3",""
"772","1/28/2020","home goods","317.83","mobile payment","Apt 170","1","19","1","1"
"773","9/5/2021","home goods","57.93","mobile payment","Suite 11","","27","3","1"
"774","9/29/2019","beauty","242.11","cash","PO Box 97788","","18","5",""
"775","2/7/2020","home goods","110.48","credit card","Room 1819","","11","4",""
"776","4/29/2020","electronics","373.64","cash","PO Box 40207","1","18","5",""
"777","2/10/2021","sports equipment","192.12","debit card","PO Box 95112","1","28","1","1"
"778","2/2/2019","beauty","250.66","cash","PO Box 3488","1","10","3","1"
"779","8/23/2019","beauty","286.86","debit card","16th Floor","","27","2",""
"780","6/17/2020","sports equipment","437.59","cash","Room 204","1","8","2",""
"781","10/27/2020","home goods","493.82","debit card","Suite 33","","29","1","1"
"782","6/17/2021","beauty","362.03","debit card","Room 542","","9","1",""
"783","9/18/2021","sports equipment","296.96","credit card","PO Box 27812","","25","4","1"
"784","8/27/2019","clothing","431.36","mobile payment","Apt 1011","","15","4",""
"785","10/30/2020","home goods","65.66","mobile payment","Apt 1095","","27","3",""
"786","4/24/2019","home goods","43.49","cash","Suite 95","1","11","4",""
"787","11/28/2021","clothing","107.96","credit card","Room 547","","24","2",""
"788","4/6/2019","home goods","72.64","credit card","Suite 69","1","7","4",""
"789","11/23/2020","electronics","156.5","mobile payment","Room 1917","","11","5","1"
"790","6/12/2019","electronics","444.02","mobile payment","Suite 78","1","24","1","1"
"791","9/17/2020","sports equipment","227.94","cash","Suite 58","1","19","1","1"
"792","10/14/2020","sports equipment","307.95","debit card","10th Floor","","25","3",""
"793","11/19/2020","home goods","242.45","mobile payment","Suite 37","","27","3","1"
"794","4/9/2021","electronics","399.64","mobile payment","PO Box 8231","1","19","2","1"
"795","8/24/2019","sports equipment","360.35","credit card","Apt 138","1","7","5","1"
"796","2/9/2021","clothing","14.63","cash","PO Box 86741","","26","3",""
"797","5/30/2020","home goods","97.18","credit card","Apt 263","1","17","2","1"
"798","10/26/2019","beauty","119.37","credit card","12th Floor","","27","3",""
"799","8/4/2021","clothing","436.61","debit card","Suite 78","","27","5",""
"800","7/19/2019","beauty","177.66","mobile payment","10th Floor","","18","2","1"
"801","8/22/2019","sports equipment","236.14","cash","11th Floor","1","17","5",""
"802","1/6/2021","electronics","475.23","credit card","PO Box 16512","1","15","3","1"
"803","1/11/2020","electronics","300.37","credit card","6th Floor","","30","2","1"
"804","6/20/2021","clothing","273.54","mobile payment","Room 820","","29","3",""
"805","9/22/2019","clothing","360.69","debit card","Suite 18","","30","4","1"
"806","12/3/2019","electronics","300.02","mobile payment","PO Box 10885","","24","5",""
"807","1/27/2019","electronics","130.82","cash","Suite 23","1","19","4",""
"808","7/8/2019","clothing","464.11","credit card","Suite 77","","7","1","1"
"809","6/10/2019","electronics","83.61","debit card","10th Floor","1","8","4","1"
"810","7/13/2020","beauty","89.32","cash","Suite 75","","13","1","1"
"811","9/20/2020","electronics","417.63","credit card","Suite 8","1","29","4","1"
"812","12/22/2020","home goods","41.97","debit card","6th Floor","","26","3",""
"813","8/22/2019","sports equipment","35.84","mobile payment","PO Box 56155","","8","2","1"
"814","3/28/2021","clothing","379.0","cash","Room 1502","","19","5",""
"815","4/20/2021","home goods","121.45","cash","Suite 52","","17","2","1"
"816","3/22/2020","home goods","335.62","debit card","PO Box 84386","1","30","1",""
"817","9/1/2019","beauty","164.08","credit card","15th Floor","","25","2","1"
"818","3/15/2019","electronics","151.38","cash","Room 766","1","30","5",""
"819","5/10/2021","home goods","233.45","mobile payment","Suite 60","","14","4","1"
"820","11/29/2021","beauty","318.23","cash","PO Box 78443","1","19","5","1"
"821","7/17/2020","sports equipment","323.2","cash","Room 1645","","13","2","1"
"822","10/20/2020","electronics","435.44","cash","Apt 1254","","21","1","1"
"823","1/10/2020","home goods","367.04","debit card","Room 1590","","10","5",""
"824","1/30/2019","electronics","232.54","debit card","Apt 1550","1","12","2","1"
"825","5/8/2021","sports equipment","339.55","debit card","PO Box 84151","1","29","3","1"
"826","10/30/2019","electronics","27.54","cash","PO Box 84324","1","18","3",""
"827","8/7/2020","home goods","419.63","mobile payment","Room 370","","10","4","1"
"828","10/19/2020","beauty","116.6","mobile payment","Room 759","1","7","5",""
"829","8/23/2019","sports equipment","237.98","debit card","Room 1008","","18","5",""
"830","12/17/2020","clothing","217.67","debit card","PO Box 28630","1","9","2",""
"831","8/25/2020","clothing","52.86","cash","PO Box 38715","","13","2","1"
"832","3/30/2019","home goods","96.98","mobile payment","PO Box 48784","","11","1",""
"833","5/4/2021","clothing","300.53","debit card","Suite 93","","9","4",""
"834","8/25/2020","electronics","198.61","cash","Room 1800","1","25","5","1"
"835","3/11/2020","electronics","196.16","mobile payment","Suite 81","","30","5","1"
"836","8/15/2019","home goods","358.97","credit card","PO Box 88777","1","19","4",""
"837","11/25/2019","home goods","178.63","cash","Room 1398","","27","2",""
"838","1/11/2020","beauty","306.56","cash","Suite 83","","15","1","1"
"839","2/25/2020","beauty","360.68","credit card","19th Floor","1","24","5",""
"840","5/28/2020","home goods","195.68","mobile payment","Room 624","","25","2","1"
"841","3/6/2019","beauty","276.7","mobile payment","Room 1640","","27","3","1"
"842","4/8/2019","electronics","252.87","credit card","Room 1514","","26","3",""
"843","1/23/2020","sports equipment","83.36","mobile payment","Room 223","","9","5","1"
"844","4/6/2021","home goods","166.02","mobile payment","Room 1583","1","30","3",""
"845","10/3/2019","sports equipment","258.37","mobile payment","Apt 430","","12","3","1"
"846","5/12/2019","electronics","292.5","debit card","PO Box 17578","","26","5",""
"847","6/24/2021","clothing","51.03","mobile payment","1st Floor","1","13","2","1"
"848","4/28/2019","home goods","12.87","mobile payment","Apt 1877","","15","4",""
"849","10/7/2020","electronics","54.05","credit card","Suite 31","1","29","1",""
"850","4/9/2021","clothing","405.69","debit card","PO Box 62279","","21","5",""
"851","5/28/2019","electronics","394.28","cash","Apt 1687","1","13","5",""
"852","9/14/2020","beauty","295.45","cash","Suite 63","","27","2","1"
"853","11/22/2021","electronics","461.21","debit card","Suite 20","1","14","1","1"
"854","12/9/2019","beauty","436.79","debit card","Room 1507","","10","2",""
"855","5/26/2020","clothing","204.33","mobile payment","5th Floor","1","25","1","1"
"856","12/15/2020","clothing","98.93","mobile payment","13th Floor","1","23","4","1"
"857","6/20/2021","home goods","274.68","mobile payment","13th Floor","","10","2","1"
"858","10/16/2021","electronics","199.32","credit card","Apt 67","1","12","1","1"
"859","1/2/2021","clothing","463.44","debit card","PO Box 94750","","17","2","1"
"860","4/20/2021","sports equipment","218.05","debit card","Room 759","1","10","3",""
"861","3/25/2021","home goods","279.56","mobile payment","Apt 936","1","19","5","1"
"862","8/31/2019","home goods","109.61","debit card","Apt 1525","","14","3",""
"863","8/31/2019","sports equipment","256.83","credit card","Room 100","1","15","2","1"
"864","2/4/2019","clothing","192.41","cash","PO Box 6101","","11","5",""
"865","10/6/2021","beauty","406.38","credit card","PO Box 36012","1","28","1","1"
"866","4/23/2020","home goods","417.25","mobile payment","14th Floor","","21","1","1"
"867","12/20/2019","sports equipment","442.53","cash","Apt 615","","11","5","1"
"868","7/5/2019","clothing","256.95","cash","PO Box 30540","1","19","5",""
"869","6/16/2020","sports equipment","293.22","cash","Apt 838","","12","1",""
"870","4/29/2020","beauty","362.93","credit card","Suite 57","1","15","2","1"
"871","9/17/2020","electronics","134.54","mobile payment","Apt 398","1","29","5",""
"872","11/14/2021","home goods","47.77","debit card","PO Box 14250","","12","4",""
"873","4/1/2021","sports equipment","99.29","credit card","1st Floor","1","14","4","1"
"874","9/23/2021","home goods","397.76","credit card","PO Box 34636","","26","4",""
"875","7/14/2020","electronics","420.12","credit card","18th Floor","1","11","2","1"
"876","10/1/2021","beauty","64.69","debit card","14th Floor","","9","4","1"
"877","3/27/2019","home goods","45.27","mobile payment","Suite 16","","24","1",""
"878","11/10/2021","sports equipment","454.35","mobile payment","Room 1807","1","16","5",""
"879","10/25/2021","electronics","44.65","credit card","Apt 1697","","20","1","1"
"880","8/19/2019","sports equipment","271.9","credit card","PO Box 4697","1","7","1","1"
"881","9/17/2019","sports equipment","452.62","credit card","Suite 50","","13","1","1"
"882","6/12/2021","beauty","143.64","mobile payment","9th Floor","1","8","5",""
"883","3/18/2021","beauty","142.42","mobile payment","PO Box 12767","1","28","1",""
"884","9/24/2020","home goods","164.76","debit card","Suite 13","1","25","4",""
"885","10/24/2021","sports equipment","172.44","cash","Room 1476","","27","5","1"
"886","12/13/2019","electronics","20.44","credit card","PO Box 78948","","16","3","1"
"887","2/20/2020","home goods","123.07","credit card","4th Floor","1","18","1",""
"888","3/9/2020","beauty","56.47","debit card","4th Floor","1","8","3","1"
"889","8/27/2021","sports equipment","364.29","mobile payment","Suite 45","","8","3",""
"890","2/19/2021","beauty","238.02","mobile payment","5th Floor","1","14","5",""
"891","7/23/2019","electronics","401.32","mobile payment","Apt 776","","22","4",""
"892","10/9/2021","sports equipment","174.0","cash","Suite 55","1","24","2","1"
"893","9/15/2021","clothing","405.36","cash","Room 387","1","27","3","1"
"894","11/21/2021","home goods","486.81","credit card","18th Floor","","21","4","1"
"895","2/12/2020","clothing","189.26","mobile payment","PO Box 16768","1","8","4","1"
"896","8/15/2020","electronics","298.62","credit card","15th Floor","1","14","3","1"
"897","4/12/2020","sports equipment","142.35","mobile payment","19th Floor","1","7","1","1"
"898","12/1/2019","electronics","380.61","debit card","Suite 63","","17","3",""
"899","4/26/2021","sports equipment","424.41","credit card","16th Floor","1","15","1","1"
"900","4/18/2020","beauty","367.69","debit card","Apt 597","1","28","1","1"
"901","12/14/2021","home goods","453.19","debit card","Suite 73","1","13","2",""
"902","2/21/2020","electronics","35.83","debit card","Room 1390","","8","4","1"
"903","5/21/2021","beauty","97.81","mobile payment","Room 102","","27","3",""
"904","4/3/2021","home goods","485.53","cash","Suite 12","","8","5","1"
"905","3/6/2019","home goods","339.66","mobile payment","Suite 39","1","11","1",""
"906","6/10/2020","beauty","231.41","credit card","Room 519","","21","5","1"
"907","4/29/2021","beauty","392.5","cash","Room 644","","17","4","1"
"908","9/9/2020","clothing","480.05","credit card","Apt 1314","","10","3","1"
"909","9/4/2020","beauty","380.98","credit card","5th Floor","1","29","4",""
"910","3/13/2019","home goods","340.52","mobile payment","Room 1142","1","7","4",""
"911","10/13/2020","beauty","21.86","mobile payment","Room 1021","","23","2",""
"912","10/15/2020","sports equipment","106.63","debit card","10th Floor","1","19","3",""
"913","10/4/2019","home goods","210.52","mobile payment","Room 14","1","27","1","1"
"914","5/2/2020","clothing","490.95","debit card","Room 412","","14","2",""
"915","5/18/2020","clothing","346.77","credit card","Suite 18","1","10","1","1"
"916","4/27/2019","home goods","40.79","debit card","17th Floor","","16","5","1"
"917","3/10/2020","sports equipment","497.62","credit card","Apt 517","1","29","3","1"
"918","2/19/2020","sports equipment","397.77","debit card","Apt 529","","19","4","1"
"919","9/24/2021","home goods","345.76","credit card","Suite 47","1","22","3","1"
"920","11/9/2021","sports equipment","370.9","mobile payment","Room 1823","","27","2","1"
"921","6/5/2019","clothing","55.16","mobile payment","Suite 60","","23","5","1"
"922","3/10/2021","clothing","310.64","debit card","19th Floor","","15","4","1"
"923","2/17/2020","sports equipment","142.31","cash","17th Floor","","22","1",""
"924","7/1/2021","sports equipment","385.38","cash","1st Floor","1","16","5",""
"925","4/1/2020","beauty","392.3","cash","Apt 1124","","23","1","1"
"926","5/5/2020","home goods","451.25","credit card","20th Floor","1","29","5",""
"927","4/17/2019","beauty","222.46","cash","Apt 699","1","26","4","1"
"928","9/20/2019","electronics","169.04","cash","Suite 45","1","15","1","1"
"929","1/23/2020","clothing","232.52","debit card","10th Floor","1","20","5","1"
"930","11/25/2019","home goods","479.03","credit card","PO Box 63999","","12","3","1"
"931","1/21/2020","clothing","464.19","debit card","PO Box 81867","1","25","5","1"
"932","2/13/2020","electronics","417.53","cash","PO Box 52501","1","9","3","1"
"933","12/21/2020","beauty","460.54","credit card","Apt 1055","","27","1",""
"934","9/30/2021","beauty","338.73","credit card","13th Floor","","26","4",""
"935","4/23/2019","electronics","43.43","credit card","Apt 1453","","8","1","1"
"936","4/30/2020","beauty","363.11","mobile payment","PO Box 69498","","14","4",""
"937","10/19/2021","clothing","430.58","debit card","Apt 1965","1","24","3","1"
"938","11/14/2020","beauty","260.05","mobile payment","Room 1457","","22","2","1"
"939","9/30/2020","clothing","198.53","cash","PO Box 47859","","24","3",""
"940","3/8/2019","electronics","50.34","debit card","PO Box 4976","1","21","3",""
"941","8/21/2019","beauty","346.68","cash","Room 1557","","17","1","1"
"942","1/13/2021","clothing","149.29","debit card","Room 417","1","14","2",""
"943","9/29/2020","beauty","63.5","debit card","Suite 60","1","19","1",""
"944","8/1/2020","home goods","368.16","mobile payment","Suite 4","","8","2",""
"945","12/22/2019","sports equipment","17.29","cash","Apt 944","","17","4",""
"946","9/16/2020","clothing","458.76","debit card","Apt 1965","","17","2",""
"947","2/27/2021","clothing","329.33","cash","Suite 28","","10","2","1"
"948","2/6/2019","electronics","487.87","mobile payment","Apt 194","1","21","2","1"
"949","5/26/2020","clothing","448.19","credit card","8th Floor","","30","1",""
"950","12/7/2021","clothing","443.93","mobile payment","13th Floor","1","29","5","1"
"951","12/6/2020","electronics","259.18","mobile payment","Suite 63","","18","3",""
"952","6/14/2021","home goods","299.29","debit card","Suite 94","","12","5","1"
"953","6/18/2020","home goods","162.4","cash","Apt 778","","15","3",""
"954","1/29/2021","home goods","378.67","mobile payment","Apt 1763","","26","4",""
"955","9/6/2020","clothing","200.3","cash","Room 209","1","13","3","1"
"956","3/23/2019","electronics","320.49","credit card","Suite 98","1","10","5",""
"957","12/23/2021","home goods","27.93","cash","Suite 70","1","21","3","1"
"958","2/10/2019","clothing","94.89","credit card","Suite 10","","16","2",""
"959","10/25/2019","clothing","441.0","mobile payment","PO Box 91242","","26","2","1"
"960","1/10/2019","electronics","474.84","credit card","Apt 448","","23","1","1"
"961","6/11/2021","sports equipment","19.46","mobile payment","PO Box 44026","","11","3",""
"962","8/11/2020","sports equipment","331.61","mobile payment","Suite 74","1","13","2",""
"963","1/3/2021","beauty","178.8","credit card","Suite 85","1","13","5","1"
"964","5/1/2020","clothing","283.98","mobile payment","Room 929","","19","3",""
"965","1/19/2019","home goods","302.01","debit card","Room 1280","1","24","5","1"
"966","2/10/2019","sports equipment","372.8","credit card","PO Box 14308","1","15","3","1"
"967","11/5/2021","electronics","447.01","mobile payment","Room 1453","1","7","4","1"
"968","7/14/2021","clothing","15.98","mobile payment","Suite 17","1","21","2",""
"969","1/12/2021","electronics","427.96","credit card","8th Floor","1","27","5",""
"970","4/14/2019","clothing","167.92","credit card","9th Floor","","18","3",""
"971","7/16/2019","clothing","58.08","debit card","PO Box 36152","","27","4","1"
"972","7/13/2020","sports equipment","240.95","cash","2nd Floor","1","7","2",""
"973","8/17/2021","sports equipment","176.15","cash","3rd Floor","1","24","5",""
"974","2/25/2021","clothing","39.94","mobile payment","Apt 971","","22","3","1"
"975","7/30/2021","home goods","433.95","mobile payment","17th Floor","","21","2",""
"976","12/11/2019","home goods","129.81","cash","Apt 1076","","25","1",""
"977","6/15/2019","clothing","358.54","mobile payment","Suite 100","","27","5",""
"978","11/26/2019","beauty","17.17","credit card","12th Floor","","8","4","1"
"979","8/19/2019","beauty","35.89","credit card","Apt 678","1","23","4","1"
"980","3/6/2020","beauty","289.7","mobile payment","PO Box 15212","1","26","5",""
"981","1/23/2021","sports equipment","130.24","mobile payment","Room 243","1","23","5","1"
"982","6/30/2019","beauty","337.16","cash","Apt 1033","1","14","3","1"
"983","7/17/2019","home goods","376.63","credit card","Suite 84","","19","2",""
"984","12/30/2020","beauty","270.11","credit card","Suite 79","1","20","4",""
"985","9/30/2021","home goods","411.5","debit card","Suite 36","1","15","2",""
"986","11/28/2021","sports equipment","382.84","cash","14th Floor","1","14","5",""
"987","5/16/2019","clothing","27.57","credit card","Suite 30","1","18","4",""
"988","5/5/2019","beauty","188.49","cash","Suite 43","","7","5",""
"989","5/8/2021","sports equipment","304.58","credit card","4th Floor","1","18","2",""
"990","2/5/2019","beauty","182.69","debit card","Room 1440","","30","5",""
"991","3/11/2021","electronics","277.5","mobile payment","Room 1083","1","23","1","1"
"992","8/27/2021","home goods","81.44","debit card","11th Floor","1","11","5",""
"993","12/11/2021","beauty","152.35","cash","Room 735","","16","1",""
"994","12/4/2019","clothing","149.31","credit card","Suite 14","","19","1",""
"995","4/29/2020","sports equipment","246.2","mobile payment","Suite 45","","25","5",""
"996","8/19/2020","electronics","409.59","debit card","Apt 1074","1","21","2",""
"997","5/17/2020","beauty","300.43","cash","Suite 88","","29","3",""
"998","3/11/2020","sports equipment","314.23","cash","PO Box 29989","","24","5","1"
"999","4/17/2020","beauty","322.83","cash","Room 956","1","19","2","1"
"1000","7/28/2019","home goods","159.45","cash","Suite 4","1","13","2",""
